<?xml version="1.0" encoding="UTF-8"?>
<!DOCTYPE log4j:configuration SYSTEM "log4j.dtd">
<log4j:configuration>
    <appender name="Console" class="org.apache.log4j.ConsoleAppender">
        <layout class="net.logstash.log4j.JSONEventLayoutV1">
            <param name="UserFields" value="application:billingmails,logfile:main"/>
        </layout>
    </appender>
    <logger name="defaultLogger" additivity="false">
        <level value="INFO"/>
        <appender-ref ref="Console"/>
    </logger>
    <root>
        <priority value="INFO"/>
        <appender-ref ref="Console"/>
    </root>
</log4j:configuration>
