<?xml version="1.0" encoding="ISO-8859-1"?>
<!--
	
	THIS FILE HAS BEEN GENERATED
	
	Do not modify it manually, edit the template (generate_tomglobalconf-xml.xsl) 
	or the definition files (serverconfig.xml, config/tomglobalconf/tomglobalconf_produktiv.xml)
	instead, then deploy the server. Else, your changes will be lost when 
	the server is deployed the next time.
	
-->
<!DOCTYPE config SYSTEM "tomglobalconf.dtd">
<config serverconfig.environment="produktiv" serverconfig.application="billingmails" serverconfig.server="distrib01" serverconfig.tomcatversion="8" httpPort="8080" log.location="/WEB-INF/logs/tomglobal.log" timetracker.maxcntobjects="256" timetracker.maxwritetime="5000" timetracker.writeinterval="900000" timetracker.writeintervaloffset="0" timetracker.onoff="ganz ausgeschaltet" mail.smtp="relay-int.arcor-online.net" mail.timeout="20000" urlCon.timeout="10000" urlCon.readtimeout="40000" notify.loglevel="1" notify.disable="0" debug="0" errormail.recipient="send-in.aip.betrieb@hp.com" serverid="1" notify.ip="151.189.8.141">
    <!--
		pooled data sources
	-->
    <jdbc.pool db.identifier="arcoruser">
        <db.url>jdbc:mysql://contentdb-preprod.cbuljfgpa2vq.eu-central-1.rds.amazonaws.com:3306/billingmails-opweb4?autoReconnect=true</db.url>
        <db.user>${DATABASE_USER}</db.user>
        <db.password>${DATABASE_PASSWORD}</db.password>
        <db.driver>com.mysql.jdbc.Driver</db.driver>
        <db.mincon>1</db.mincon>
        <db.maxcon>5</db.maxcon>
        <db.vendor>mysql</db.vendor>
    </jdbc.pool>
    <!--
		non-pooled data sources vod
	-->
    <!-- mysql tomstats -->
    <no.pooled.jdbc db.identifier="statistic">
        <db.url>jdbc:mysql://contentdb-preprod.cbuljfgpa2vq.eu-central-1.rds.amazonaws.com:3306/vod-opweb4?autoReconnect=true</db.url>
        <db.user>${DATABASE_USER}</db.user>
        <db.password>${DATABASE_PASSWORD}</db.password>
        <db.driver>com.mysql.jdbc.Driver</db.driver>
        <db.vendor>mysql</db.vendor>
    </no.pooled.jdbc>
    <no.pooled.jdbc db.identifier="locking_webuser">
        <db.url>jdbc:mysql://contentdb-preprod.cbuljfgpa2vq.eu-central-1.rds.amazonaws.com:3306/nexgo_content_opweb4?autoReconnect=true</db.url>
        <db.user>${DATABASE_USER}</db.user>
        <db.password>${DATABASE_PASSWORD}</db.password>
        <db.driver>com.mysql.jdbc.Driver</db.driver>
        <db.vendor>mysql</db.vendor>
    </no.pooled.jdbc>
</config>
